Quantita,Componente,Nota
1,Arduino Nano compatibile (ATmega328P 5 V 16 MHz),Va bene un clone con CH340; mini-USB o USB-C
1,Motore 28BYJ-48 versione 5 V,Di solito venduto insieme alla scheda ULN2003
1,Scheda driver ULN2003 per 28BYJ-48,Il motore si innesta nel connettore bianco a 5 poli
1,Convertitore buck LM2596 (modulo 43 x 21 mm),Regolato a 5.0 V a vuoto prima di collegare qualunque cosa
2,Sensore Hall A3144 o AH3144E (TO-92),Interruttore unipolare: risponde a una sola faccia del magnete
2,Condensatore ceramico 100 nF,Fra VCC e GND di ogni sensore; vicino al corpo
1,Condensatore elettrolitico 1000 uF 10-16 V,Sul bus +5 V; attenzione alla polarita'
1,Presa DC 5.5 x 2.1 da pannello tipo DC-022B,Foro da 8 mm nel coperchio del vano
1,Portafusibile volante + fusibile ritardato 1 A,Sul cavo dei 12 V
2,Morsetto a leva WAGO 221-415 (5 vie),Bus +5 V e bus GND
1,Cavo USB per il Nano,Dal Nano al PC o mini PC del setup
-,Cavetti Dupont femmina-femmina; filo 0.25-0.5 mm2; guaina termorestringente,
